질문 : ==================================================================질문자 : 이재익 등록일시 : 2018. 10. 9. 숨김표 xx  ㅇㅇ  빠짐표ㅁㅁ  줄임표 ......는 어떻게 읽나요?,답변 : 안녕하십니까?숨김표  안드러냄표와 같은 문장 부호를 읽는 방법은 정해져 있지 않습니다. 언어 현실에서는 이를 ‘모모  뭐뭐’와 같이 표현하는 듯합니다.고맙습니다.,
질문 : 온라인가나다님 제 질문에 답변 달아달라니까 무슨 "주어진 의견 잘 모았습니다" 이런글을 달고 계세요?최초 질문이 뭔지 문맥 파악 못하십니까?================================================================== 질문자 : 김봉규 등록일시 : 2018. 10. 6. 합리성  보편성  문화력사 전통성 및 교육가치성  편의성  실용성  일관성' 등과 어긋남과 동시에ㅇ 의사소통에 지장을 초래하는 말이라야 합니다. 그래야 말글살이를 하는 사람들이라면 누구든 리해 수긍할 것입니다. 그런데 '깡충깡충'은 이른바 '모음조화'라는 현상과일관성만 없을 뿐 ㅇ1. 토끼의 생태학적 특징을 잘 나타낸 합리성이 있고 ㅇ2. 뛰는 모습을 자세히 관찰 표현함으로써 누구나 공감 호응할 수 있는보편성이 있으며ㅇ3. 지금까지 널리 써 왔던 말이라 실용성 편의성이 있어 의사소통에 아무런 지장이 없을 뿐 아니라 ㅇ4. 이러한 ㅇ1ㅇ2ㅇ3을 두루 갖춤으로써 문화력사 전통성 및 교육가치성이 있는 말이었습니다. 그럼에도 이에 대해서는전혀 고려하지 못하고 단순히 '모음조화'라는 것에만 매달려 고치다 보니 거부감을 갖거나 그대로 '깡충깡충'이라 하는 사람들이 있었습니다. 실제로도 '깡총깡총'보다는 '깡충깡충'이라 하는 사람이 많았습니다. 상황이 이러니 본디 '깡충깡충'으로 되돌릴 수밖에 없었던 것입니다.문제는'깡충깡충'은 이른바 '표준어'  '깡총깡총'은 '비표준어'라 한 데에 있습니다. 동물의 생태학적 특성이나 뛰는 모습을 보면 둘다 바른말이라 해야 합니다. 그것은ㅇ1. 깡충깡충=토끼처럼앞다리가 짧고 뒷다리가 긴동물이 뛰는 모습ㅇ2. 껑충껑충=노루나 송아지처럼앞다리와 뒷다리가 모두 긴 큰 동물이 뛰는 모습ㅇ3. 깡총깡총=발바리  치와와처럼앞다리와 뒷다리가 모두 짧은 작은 동물이 뛰는 모습  와 같기 때문입니다. 다만 토끼가 뛰는 모습은 ㅇ1. 발바리  치와와 같이 작은개나 강아지가 뛰는 모습은 ㅇ3이라 하면 만사가 해결될 일입니다.ㅇ1ㅇ2ㅇ3과 같이 세심한 관찰과 그에 대한 적절한 표현은 고려하지 못하고단순히 "'깡충깡충'이냐  '깡총깡총'이냐"라는 량자택일의 흑백론리에 사로잡혀 '깡충깡충'은 이른바 '표준어'  '깡총깡총'은 이른바 '비표준어'라 하다 보니 문제가 생기는 것입니다. 하나의 사물을 보고 판단할 때는 높넓고 멀깊은 안목으로 다양한 측면에서 심오하게 관찰 분석 비교 종합 평가한 다음 해야 편협된 시각에서 벗어날 수가 있습니다. 참으로 안타깝기 그지없는 일입니다. ================================================================== 질문자 : 학생 등록일시 : 2018. 10. 6."...이미 이른바 '언어의 사회성'이 확보되어 현실적으로 널리 쓰이던 말을 1970년대에 들어'모음조화'라는 인위적 론리로 고쳤습니다. 그럼에도 당시 학습자[학생]들은 이를 수용해야 했습니다. 시험을 치고 점수를 얻어서 진급이나 졸업을 해야 했기 때문입니다. 그러나 대부분의 사람들은 고개를 저으며 '그것은 아니다'라 했습니다..."라고 하셨는데 제가 학생이고  현재 시험을 준비하는 수험생이니 소위 말하는  그 인위적 논리에 따라 제출되는 시험문제의 이론적 설명에 대해 듣고 싶은 건데요.물론 이 게시판에서 "국어"에 관련된 자유로운 질문은 가능한 것으로 보이나 각 개인의 목적에 부합하는 답변을 다시면 더욱 좋은 모습으로 사람들에게 인정받으리라 생각합니다.온라인가나다님께서는 왜 모음조화와 별개로 "깡총깡총"은 비표준어인지 설명부탁드립니다.================================================================== 질문자 : 김봉규 등록일시 : 2018. 10. 6.작성자 김봉규등록일 2007. 7. 16.조회 356<깡충깡충>은 토끼가 뛰는 모습을 나타내는 말[의태어]입니다. 1960년대 말까지는 <깡충깡충>이라 해 왔습니다. 그런데 1970년대에 들어 이른바 ‘모음조화’라는 규정에 맞지 않다 하여 <깡총깡총>으로 바꾸어 버렸습니다. 그러다 1980년대 말에 다시 <깡충깡충>으로 되돌렸습니다. 그러면서(가)“언어의 변화에 따라 '깡총깡총'보다는 '깡충깡충'이 @현실에서 더 널리 쓰이는 표현이 되었으므로'깡충깡충'을 표준어로 정한 것”이라 했습니다.(가)는 하나[현상=언어표현 및 사용실태]만 알고 둘[본질=토끼의 생태학적 습성과 말의 속내]은 모르는 말이었습니다.실제로 토끼가 뛰는 모습을 자세히 관찰해 보면① 앞다리가 짧고 뒷다리가 길어서 뛸 때에 앞다리는 균형과 거리와 방향을 잡아 적당한 거리에 땅을 짚는 작은동작[깡]을 하고  뒷다리는 힘찬 추진력으로 앞다리가 짚은 거리보다 멀리 뛰게 하는 큰동작[충]을 하고 있습니다. 그래서 말을 만든이가 이러한 사실을 잘 알고  앞다리와 뒷다리 길이가 같은 애완견이 뛰는 <깡총깡총>과는 달리 <깡충깡충>이라 한 것입니다. 토끼의 생태학적 습성과 리치에 맞게 표현한 절묘한 말의 속내를 모르고 단순히 이른바 ‘모음조화’라는 명목으로 이를 무시한 이가 바로 국어학자들이었습니다.② 그러다 보니 대부분의 사람들이 “전통적으로 널리 써 오던 말을 인위적으로 바꾸는 것은 바람직하지 못하다.”라고 비판하자 비로소 본디대로 되돌린 것입니다.③ 그러나 ①과 같은 생태학적 습성을 어느 누구도 생각하지 못해 되돌린 리유와 근거를 제시하지 못했습니다. 부채살같이 쪼갈라 놓은 '현대국어학'이라는 외가닥을 잡고서 매사를 해결하려는 안목이 빚어낸 일종의 부작용이었습니다.토끼는 이러한 다리구조 때문에 산이나 언덕을 올라가기는 잘하지만 내려가기를 못하는 동물입니다. 그래서 맹수에게 쫓기면 산 위쪽으로 치달아 도망가야 살 수 있는 동물입니다. 때문에@는 말이 생겨난 바탕이나 토끼의 생태학적 습성이나 말뜻이나 말맛과는 전혀 상관없는 말입니다. 게다가 노래말을 지은 사람[작사자]은 이미 '깡충깡충'이라 했고 이것이 초등학교 음악교과서에 실려 1960년대 말까지 널리 불려왔습니다. 그래서 1980년대 말까지도@현실에서 더 널리 쓰이는 표현이었습니다.이미 이른바 '언어의 사회성'이 확보되어 현실적으로 널리 쓰이던 말을 1970년대에 들어'모음조화'라는 인위적 론리로 고쳤습니다. 그럼에도 당시 학습자[학생]들은 이를 수용해야 했습니다. 시험을 치고 점수를 얻어서 진급이나 졸업을 해야 했기 때문입니다. 그러나 대부분의 사람들은 고개를 저으며 '그것은 아니다'라 했습니다.'모음조화'란 '양성모음은 양성모음끼리  음성모음은 음성모음끼리' 잘 어울리는 하나의 언어현상에 자나지 않을 뿐입니다. 주로 상징어(의태어  의성어)에서 나타나는 현상이기에 이를 모든 배달말에다 적용할 수는 없는 것입니다. 할 수도 없고 해서도 아니되는 일입니다. 그리되면 앞으로 연구범위를 넓혀 모음 둘 이상이 어울려 이루어진 '아우  이웃  아이  아유...등'을 비롯하여 '자음+모음  모음+자음  자음+모음+자음'이 결합한 '차이  과오  아버지  어머나  가락지...등'과 같은 거의 무한대에 가까운 비상징어들을 해결할 길이 아예 막혀 버리게 됩니다.  따라서 의사소통에 아무런 지장이 없는데도 '깡충깡충'은 이른바 '표준어'이지만 '깡총깡총'은 이른바 '비표준어'라 하면  량자택일의 흑백론리에 빠진 결과라 할 수 있습니다. 그리고 김봉규가 밝힌 앞글(2018. 10. 5.)의 ㅇ1ㅇ2ㅇ3을 제대로 리해하지 못했기 때문이라 할 수 있습니다. <깡충깡충>에 대한 큰말은 <껑충껑충>입니다. 이는 노루  사슴  고라니 등과 같이 앞다리와 뒷다리가 긴 짐승이 뛰는 모습을 나타내는 말이기도 합니다.(기존 내용 일부를 수정 보완함-김봉규 2018. 8. 14./2018. 10. 6.(일부 추가함.)) ================================================================== 질문자 : 학생 등록일시 : 2018. 10. 5. 우리나라 교육과정에서는 깡총깡총을 비표준어로 지정하고 있으며 이것은 언어규정에서 말하는 모음조화에도 어울리지 않음에도불구하고 왜 비표준어인지를 질문한것입니다.김봉규님께서 말씀하신 것이"언어의 사회성"이라는 부분에 있어  제가 질문한 요지와는 약간 거리가 있는 것 같은데요.이 사회  소위 말해  국립국어원이나 교육과정이라는 사회적 약속을 규정하는 권위집단에서지정한 "언어의 사회성"에는 깡총깡총이 비표준어입니다.온라인가나다님은 왜 깡충깡충/껑충껑충은 표준어인데 왜 깡총깡총은 모음조화 규정에도 불구하고 비표준어인지 답변 부탁 드립니다.공부하는데 아무리 생각해도 이해가 되질 않아서요. ================================================================== 질문자 : 김봉규 등록일시 : 2018. 10. 5.'깡총깡총'도 바른말입니다.ㅇ1. 깡충깡충=토끼처럼 앞다리가 짧고 뒷다리가 긴 동물이 뛰는 모습ㅇ2. 껑충껑충=노루나 송아지처럼 앞다리와 뒷다리가 모두 긴 큰 동물이 뛰는 모습ㅇ3. 깡총깡총=발바리  치와와처럼 앞다리와 뒷다리가 모두 짧은 작은 동물이 뛰는 모습ㅇ4. 폴짝폴짝=청개구리처럼 앞다리가 짧고 뒷다리가 긴 작은 동물이 뛰는 모습ㅇ5. 풀쩍풀쩍=다 자란 참개구리처럼앞다리가 짧고 뒷다리가 긴 동물이 뛰는 모습보는 바와 같이 ㅇ1ㅇ2ㅇ3ㅇ4ㅇ5를 모조리 살려야 배달말이 풍부해지고 경우와 상황과 대상에 따라 적절한 말을 가려 쓸 수 있게 됩니다. 의사소통에 아무런 지장이 없는데도 단순히 이른바 '모음조화'에 맞니 어쩌니  '표준어'니 어쩌니 하는 것으로써 배달말을 옭죄면 안 됩니다. 그리되면 다양하면서도 풍부한 배달말글문화가 활기차게 살아날 수가 없습니다. ================================================================== 질문자 : 학생 등록일시 : 2018. 10. 5.왜 껑충껑충/깡충깡충은 표준어인데 깡총깡총은 비표준어인가요? ================================================================== 답변자 : 온라인 가나다 답변일시 : 2018. 10. 9. 안녕하십니까?올려 주신 의견 잘 보았습니다.,답변 : 안녕하십니까?여기에 드린 답변은 처음 질문에 대한 답변이 아니었습니다. 여러 번 재질문이 되는 과정에서 다른 질문자분께 드린 답변이었으니 널리 이해해 주시기 바랍니다.,
질문 : 저는 안양시에 거주합니다표준국어대사전을 열람코자 하는데 동내 도서관에는 비치되지 않아 볼 수가 없습니다.어딜 가야 열람할 수가 있는지요?,답변 : 안녕하십니까?표준국어대사전 초판(1999)은 종이사전으로도 나왔는데 개정판(2008)은 웹사전으로 운용하여 지금에까지 이릅니다. 현재의 표준국어대사전을 종이 사전으로 보실 수는 없지만 응용 프로그램(앱)을 무료로 내려받으실 수 있으니 스마트폰을 쓰고 계신다면 이를 활용해 보실 것을 권하여 드립니다.,
질문 : 어제 남편과 3살 아들과 새로 지어 입주한 아파트에 갔어요 아파트를 보며 '다 지었다'라고 말하니 남편이 그렇게 말하면 안 된다고 다 지어서 입주해서 살고 있는데 다지었다라고 말하면 안되고'잘 지었다'라고 말해야 한다고 합니다저는 그 아파트를 짓기 전에  보고 처음 봤기에 '다 지었다' 라는 말을 사용했고 다 지었으니까 다 지었다라는 말을 썼는데 한글을 잘 못 배웠다느니 이상하게 말을 쓴다는 이야기를 들었어요제가 이상하게 말을 쓴건가요?사람들이 입주한 상태에서는 '다 지었다'라고 말하면 안되나요? 알려주세요^^,답변 : 안녕하십니까?부사 '다'는 '남거나 빠진 것이 없이 모두'를 뜻하고  부사 '잘'은 - 여러 뜻이 있는데 문의하신 경우에는 - '좋고 훌륭하게/아주 멋지게' 정도의 뜻을 생각해 볼 수 있겠습니다. 표현은 표현하는 사람이 뜻한 바나 상황에 따라 선택되는 것이므로 문의하신 경우에도 그에 따라 표현할 수 있을 것입니다.,
질문 : 안녕하세요. 국어 공부 중에 의문이 생겨서 질문 합니다.맨손으로 고기를 잡았다. 라는 문장에서맨손의 맨은 접두사가 아닌 부사의 결합으로 맨/손/으로/고기/를/잡/았/다 라고 나누고여기서 형식형태소는 으로  를  았  다 라고 분석하였는데해설지에는 맨을 형식형태소로 본다고 나와있기에 어떤 것이 올바른 분석인지 궁금합니다.,답변 : 안녕하십니까?단어 형성에 대한 해석은 견해에 따라 다를 수 있습니다. 다만  설명하신 경우는 '맨손(아무것도 끼거나 감지 아니한 손)'의 '맨-'을 아래에 보인 접사(형식 형태소)로 해석한 것인데  그와 같이도 해석할 수 있습니다.   맨-「접사」((일부 명사 앞에 붙어))‘다른 것이 없는’의 뜻을 더하는 접두사. ¶ 맨눈/맨다리/맨땅/맨발/맨주먹.,
질문 : 참기가 힘들다. 라는 문장에서 '참기'의 품사에 관한 질문 입니다.저는 참기가 참다의 어근인 참- 에 '기' 라는 명사화 접미사가 붙어서 참기의 품사를 명사라고 보았습니다. 물론 '기'를 명사형 전성어미라고도 생각할 수 있다는 점을 알고 있지만그렇게 생각했을 시 참(다)가 힘들다 라는 문장이 만들어지고  문장이 비문이 되고 서술성이 없다고 판단해서 명사화 접미사가 아니고  따라서 참기의 품사는 동사가 아니라고 생각 했습니다.무엇이 맞는 것인지와 명사화 접미사와 명사형 전성어미를 구별 할 수 있는 방법이 있는지 궁금합니다.,답변 : 안녕하십니까?생각하신 '서술성'이 접사와 어미를 구별하는 기준이 될 수 있습니다. 그런데 '참기가 힘들다'만으로는 의미가 완전하지 않으므로  예를 들어  '(나는 올음을) 참기가 힘들었다'를 상정한다면 '-기'는 명사형 어미로 해석되고  '참기'는 '동사'입니다.  다만  문법 해석은 견해에 따라 다르게 할 수 있으므로 이 점 헤아려 제공해 드린 정보를 이해해 주시기 바랍니다.,
질문 : 했다손 치더라도 라는 표현이 맞는 표현인가요? 저는 했다곤 치더라도 가 맞는 표현이라고 생각해 왔는데  '손'을 쓰시는 저자분들도 은근 있더라구요. 맞는 표현이라면 문장에서 역할이 무엇인가요?,답변 : 안녕하십니까?질문하신 문장에 쓰인 '손'은 '양보의 뜻을 나타내는 보조사'로  주로 어미 '-다'나 '-ㄴ다' 뒤에 결합하여 쓰입니다. 표준 국어 대사전에 '-다손'이 하나의 표제항으로 올라 있는데  '앞말이 나타내는 상황이 사실임을 인정하여 양보하는 뜻을 나타내는 연결 어미'로 풀이하고 있음을 참고하실 수 있겠습니다. 한편 '문장에서의 역할'이라는 것이 무엇을 의미하는지는 알기 어려우나  만약 문장 성분을 문의하시는 것이라면 위의 '했다손'은 부사어 정도로 볼 수 있을 듯합니다. 다만 견해에 따라 차이가 있을 수 있으므로  관련 문법서 등을 두루 참고해 보시기 바랍니다. 고맙습니다.,
질문 : 메뉴 이름은 전부 붙이는 걸로 알고 있는데 맞나요?맥도날드 맥스파이시상하이버거이디야커피 카라멜플랫치노맞나요?? ㅠㅠ이디야커피는 상표에 이디야 커피라고 쓰여 있는데 이런 상표 경우에는 띄어쓰나요?,답변 : 안녕하십니까?'음식명'은 붙여 쓰는 것이 맞으나  이 '음식명'이 메뉴의 이름과 동일한 것은 아닙니다. 이때의 '음식명'은 어떠한 음식의 유형을 가리킬 수 있는 일반적인 명칭을 말합니다. 즉 음식에 포함되는 재료나 음식을 만드는 조리법에 대한 표현은 음식명의 부분으로 보아 모두 붙여 쓸 수 있으나  그 외의 표현들은 음식명에 포함된다고 보기 어려우므로 단어별로 띄어 쓰는 것이 바릅니다. 질문하신 표현 중 '맥도날드'나 '맥'  '이디야'는 음식명의 일부에 포함된다고 보기는 어렵겠습니다. 한편 '상하이버거'나 '플랫치노'를 음식명으로 볼 수 있을지에 대해서는 논란의 여지가 있으므로  정확한 답변을 드리기는 어렵겠습니다. 고맙습니다.,
질문 : 구어체에서  "네 말은 틀려." 가 아닌 "네 말은 틀리다." 라고 표현하는 것이 방언표현인지 궁금합니다.,답변 : 안녕하십니까?'틀리다'는 '맞다'에 대응되는 표현으로  '셈이나 사실 따위가 그르게 되거나 어긋나다/바라거나 하려는 일이 순조롭게 되지 못하다/마음이나 행동 따위가 올바르지 못하고 비뚤어지다'의 의미인 표준어입니다. 제시하신 문장에서 '네 말은 논리나 사실에 어긋나다'의 의미로 쓰인 것이므로  적절한 표현이라 하겠습니다. '네 말은 맞아/네 말은 맞는다' 등과 대응될 수 있음을 참고하시기 바랍니다. 고맙습니다.,
질문 : 언어가 사라지면 문화가 사라진다고 하던데 맞나요?,답변 : 안녕하십니까?질문하신 내용에 대해서는 언어적으로만 답변을 드리기는 어려우며  경우에 따라 다를 수 있고 학자마다 해석하는 방식이 다른 부분이므로 답변을 드릴 수 없습니다. 사회·문화와 언어의 상관성에 대한 여러 서적과 논문 등이 나와 있으므로  다양한 견해를 참고해 보시기 바랍니다. 고맙습니다.,
질문 : 행위시법주의의 발음이 행위시뻡쭈이나 행위시뻡쭈의로 발음됩니다. 그 이유가 무엇인가요?,답변 : 안녕하십니까?마지막의 '의'가 [이]와 [의]로 발음되는 것에 대해 문의하신 것이라면  이는 표준 발음법 제5항의 다만 4에 따른 것입니다. 'ㅢ'는 원칙적으로 이중 모음으로 발음하나  단어의 첫음절 이외의 '의'는 [ㅣ]로 발음하는 것도 허용됩니다. 즉 '주의'는 [주의]로 발음하는 것이 원칙이나 [주이]로 발음하는 것도 허용됩니다.고맙습니다.,
질문 : 1. 철수와 영희는 결혼했다.2. 철수는 수박과 딸기를 샀다.3. 철수는 대리와 과장은 아니다.4. 철수는 부산과 울산에 가 봤다.이렇게 주어  목적어  보어  부사어 등으로 쓰이는대등한 두 체언을 이어주는 기능을 하는데요.이때 접속조사 뒤에 보조사가 붙는 경우가 있나요?,답변 : 안녕하십니까?죄송하지만 문의하신 바를 명확히 파악할 수가 없습니다. 둘 이상의 사물이나 사람을 같은 자격으로 이어 주는 접속 조사의 뒤에  ‘은’  ‘는’  ‘도’  ‘만’  ‘까지’  ‘마저’  ‘조차’  ‘부터’ 따위의 보조사를 붙일 수 있는지를 문의하신 것인지요.보이신 예문에 붙여 보았을 때 그러한 쓰임은 적절해 보이지 않습니다. 또 예외적인 경우를 모두 파악하여 답변해 드리기는 어렵다는 점도 양해 바랍니다.,
질문 : ================================================================== 질문자 : 우리말 등록일시 : 2018. 10. 7. 거01[Ⅰ]「의존명사」‘것01’을 구어적으로 이르는 말. 서술격 조사 ‘이다’가 붙을 때에는 ‘거다’가 되고  주격 조사 ‘이’가 붙을 때에는 ‘게’로 형태가 바뀐다.[Ⅱ]「대명사」‘그거’의 준말. 1.표준국어대사전의 뜻풀이입니다. 뜻풀이에서 주격조사 '이'만을말하고 있는데  보격조사 '이'가 붙을 때도 "네가 상관할 게 아니다."라고쓰니까 보격조사 '이'에 대한 언급도 있어야 할 듯싶습니다.2.표준국어대사전의 설명을 보면  서술격조사 '이다'가 붙을 때는 '거다'로 적는다고 나와 있는데  이 설명이 말하는 것은 말 그대로 평서형 종결어미 '-다'가 붙은 것만을 가리키는 것인가요? 즉 '거이다'만 '거다'로 적는다는 것이 맞나요?- 것 + 이다 → 것이다 → 것입니다(활용)- 거 + 이다 → 거이다 → 거입니다(활용)- 거 + 이다 → 거이다 → 거입니다(활용) → 겁니다(준말)- 거 + 이다 → 거이다 → 거인가(활용) → 건가(준말)활용형에서 서술격조사의 어간 '이-'에 받침이 있을 때는 '거입니다  거인가'와 이것의 준말인 '겁니다  건가'를 모두 쓸 수 있는 것인가요? 표준국어대사전에서 '거이다'에 대한 언급을 하고 있는데  이때는 서술격조사의 어간 '이-'에 받침이 없습니다. 그래서 '거이다'와 차이가 있습니다. 즉 '거이다 vs 거입니다  거인가'는 차이가 있습니다. '거입니다  거인가'와 '겁니다  건가'를 모두 쓸 수 있는 것인가요?- 거 + 이다 → 거이다 → 거이지- 거 + 이다 → 거이다 → 거이고- 거 + 이다 → 거이다 → 거이며그러면 평서형 종결어미 '-다'가 아닌 다른 어미  즉 똑같이 서술격조사의 어간 '이-'에 받침이 없는 형태로 활용될 때는 어떻게 써야 하나요? '거이다'는 '거다'로 쓴다고 하고 있는데  해당 설명에 따르면 '거지  거고  거며'만을 써야 하는 것인가요  '거이지  거이고  거이며'도 쓸 수 있고  '거지  거고  거며'도 쓸 수 있는 것인가요?표준국어대사전에서 '거이다'를 못 쓴다고 하고 있는데  이게 꼭 필요한 것인가요? 이게 왜 필요한 내용이라 하는 것인지 모르겠습니다. 오히려 쓰임에 혼동만을 주고 있는데요. '거이다'만 '거다'로 쓰고  '거이지  거이고  거이며'는 '거지  거고  거며'로 쓰지 않는다면 이것도 형평성에 맞지 않는 것 같은데요. 음운적 환경이 다르지 않은데  어떤 건 줄여서 쓰고 어떤 건 줄여서 쓰지 않는다?표준국어대사전에 언급된 '거이다 → 거다'는 '거이다'만을 말하는 것인가요  '거이지  거이고  거이며' 등의 쓰임도 포함된 걸 말하는 것인가요? 결국 나올 수 있는 형태는 2가지입니다. '거입니다'처럼 서술격조사의 어간에 받침이 있는 경우와 '거이다'처럼 받침이 없는 경우입니다. 이걸 받침이 없는 경우는 '거다  거지  거고'처럼 쓴다는 것인지  아니면 '거이다' 하나만 '거다'로 쓴다는 것인지 명확히 할 필요성이 있습니다.그리고 아래 답변에서는 '것입니다  것이다'를 '거입니다  거이다'로 쓰지 못한다고 하고 있는데  이것도 고쳐야 합니다. '거이다'만 쓸 수 없는 거라면 '거입니다'를 쓸 수 있다고 해야 합니다.http://www.korean.go.kr/front/onlineQna/onlineQnaView.do?mn_id=61&qna_seq=149383&pageIndex=1 ================================================================== 답변자 : 온라인 가나다 답변일시 : 2018. 10. 8. 안녕하십니까?1. '거'에 대한 설명 중 "주격 조사 '이'"라는 것에 대해 오해가 있을 수 있을 듯합니다. 현재 표준 국어 대사전에서는 '이27'에 주격 조사와 보격 조사  보조사의 용법을 아울러 다루고 있으므로 '이'를 한 번만 언급한 것에는 큰 문제가 없을 듯하나  '주격 조사'라고 밝히고 있는 데에서 문제가 일어날 수도 있겠습니다. 관련 부서에 문의를 남겨 확인해 보도록 하겠습니다.2. '거+이다'를 '거다'로 쓴다고 규정한 것은 조사 '이'와 '이다'의 어간 '이-'가 같은 형태임에도 불구하고  조사 '이'가 결합할 때에는 '게'로 쓰는 반면 '이다'와 결합할 때에는 '게다'가 아닌 '거다'로 쓴다는 것을 구분하기 위함이라 하겠습니다. 한편 이때의 '이다'는 어간을 의미하는 것으로 볼 수 있겠으므로  '거+입니다'는 '겁니다'로  '거+이지'는 '거지'로  '거+이고'는 '거고' 등으로 쓸 수 있겠습니다.3. 아래 온라인 가나다의 답변에서는 '글을 쓸 때'라면 맥락상 '할 것입니다'나 '할 것이다' 대신에 '할 겁니다'나 '할 거다'로 쓰는 것이 자연스럽지 않음을 언급한 것입니다. 답변에 이상이 있다고 보기는 어렵겠습니다.고맙습니다.2. '거입니다'와 '겁니다'를 모두 쓸 수 있나요? 그리고 '거이다'와 '거다'를 모두 쓸 수 있나요? 서술격조사 어간 '이-'에 받침이 있든 없든 본딧말과 준말의 형태를 모두 쓸 수 있는 것인지 궁금합니다.3. '할 겁니다  할 거다'로 쓰는 것이 자연스럽지 않은 이유가 무엇인가요?,답변 : 안녕하십니까?2. 문법적으로 '거입니다'로 쓸 수도 있으며  이를 줄여 '겁니다'로 쓸 수도 있겠습니다. '거이다/거다' 역시 마찬가지입니다. 3. 앞선 답변에서 '글을 쓸 때'라고 한정 지은 것을 참고해 주시기 바랍니다. 즉 '거'는 '것'을 구어적으로 이르는 말이라는 점에서  격식을 차려 문어체를 사용해야 하는 환경이라면 '겁니다/거다'와 같은 표현을 쓰는 것보다는 '것입니다/것이다'와 같은 표현을 쓰는 것이 조금 더 자연스럽다고 말씀드린 것입니다. 고맙습니다.,
질문 : ‘자신이 그리는 꿈을 향해 한 발 한 발 다가가는 모습’ 의 태도와 태산(泰山)이 높다 하지만 하늘 아래 산이로다오르고 또 오르면 못 오를 리 없건만사람이 자기 스스로 오르지않고 산을 높다 하는구나이 시의 태도가 유사한지 질문 드립니다.,답변 : 안녕하십니까?죄송하지만  이곳에서 문학 작품과 관련한 질의에 답변을 드리지는 않습니다. 이 점 양해 바랍니다. 시의 해석이나 시적 화자의 태도 등에 대하여 문학 관련 참고서를 살펴보시기 바랍니다.,
질문 : 안녕하세요. 못물의 용례에 대해 질문드립니다.못물의 사전 설명을 보면[명사] 1. 논에 모를 내는 데 필요한 물. 2. 못에 고여 있는 물.이라고 되어 있는데요.2번 뜻에 이미 고여 있다는 설명이 있는데  못물이 고이다 라고 표현해도 문법적으로 문제가 없는 건가요?답변 부타그립니다.,답변 : 안녕하십니까?사전 뜻풀이만을 기준으로 본다면 '못물'이 '못에 고여 있는 물'을 뜻하므로  보이신 표현은  의미가 다소 중복된다고 볼 수 있겠습니다. 의미가 중복된 표현을 피하려면 이를 바꾸어 쓸 수도 있겠지만 보이신 것처럼 쓰더라도 '어법적으로 틀린 표현  겹말의 오류'라고 하기는 어려울 듯합니다. 강조를 위해 이러한 표현이 쓰이기도 하고 관행적으로 굳어진 경우도 있다는 점을 참고하시기 바랍니다.다만 의미가 중복된 표현을 문장 표현의 오류로 볼 것인지 아닌지는 견해 차이가 있을 수 있습니다.,
질문 : 우리말에 상대를 지칭할때 ‘니가’ 와 ‘너가’ 라는 단어를 보통 씁니다. 그런데 ‘니가’  ‘너가’는 표준어가 아니라서 글로 쓰거나 자막으로 쓸때는 ‘네가’ 라는 표준어로 바꿔써야 합니다. 다시말해 TV나 영화에서 배우가 "니가 했지?" 또는 "너가 했지?" 라고 말하면 자막에는 "네가 했지?" 라고 표시가 됩니다. 이런 이상한 자막을 볼때마다 국민들은 뭔가 어색하고 답답한 느낌이 듭니다. ‘네가’ 표준어 문제는 영화자막만의 문제가 아닙니다. 가수가 노래할때 가사를 표준어로 해야하니 “니가 좋아”라고 노래하지 못하고 “네가 좋아”라고 노래하니 노래를 들으면 내가 좋다는 소리인지 너가 좋다는 소리인지 구분이 안됩니다. 소설가가 글을 쓸때 ‘니가’  ‘너가’ 라는 단어를 마음대로 쓰지 못하고 ‘네가’ 라는 단어를 써야하니 문학에서 조차 국민정서의 표현에 왜곡이 발생합니다.초등학교 글짓기 시간에 아이가 ‘니가’  ‘너가’를 쓰면 선생님은 틀렸다고 ‘네가’로 고처쓰라고 해야합니다. 아이가 왜 말하는대로 쓰면 안되냐고 물어보면 선생님은 맞춤법이 그렇다고 궁색한 설명을 해야합니다.외국인이 한글을 처음 배울때 말로는 ‘너가’  ‘니가’ 라고 말하고 글로 쓸때는 ‘네가’ 라고 쓰라고 가르치면 도무지 이해하지를 못할것입니다. 한글은 말과 글이 다른 이상한 문자라고 생각할 것입니다. 문제는 여기서 끝나는게 아니고 문자화된 ‘네가’는 또 다른 혼란을 초래합니다. 유치원  초등학교에서 어린이가 교과서에 써진 ‘네가’를 읽을 때 발음을 어떻게 하는지 모르기 때문에 ‘내가’라고 읽는지 ‘네가’라고 읽는지 읽는 본인도 듣는 사람도 알아들을 수가 없습니다. 또 1000만에 가까운 기독교인들이 매주 일요일 교회에서 목사남의 성경 낭독을 들으면서 ‘네가’인지 ‘내가’ 인지 혼란스럽기는 마찬가지입니다. ‘내가’ 와 ‘네가’를 발음할려면  ‘내가’는 보통 혀를 입안에 두고 ［내가］라고 짧게 발음하고  ‘네가’를 발음할때는 혀를 앞으로 내밀고 ［네:가］ 라고 장음으로 발음합니다. 그러나 실제로 발음이 서로 비슷하고 귀로 들어서 구분이 잘 안되기 때문에 실생활에서 아무도 ‘네가’ 라는 말을 하지 않습니다. 다시말해 ‘네가’는 말로서 사용하지 않는 死語(죽은단어) 입니다. 그런데 글로 쓸때는 갑자기 부활해서 언어와 문자가 다른 혼란을 초래합니다. ‘네가’ 표준어 문제는 맞춤법 수정의 문제가 아닙니다. ‘니가’  ‘너가’ 는 ‘네가’ 하고는 발음과 철자가 전혀 틀린 단어입니다. 아무도 말하지 않는 단어를 표준어로 정해놓고 모든 사람이 쓰는 단어는 표준어가 아니니 쓰지 말라고 강요하는 어처구니 없는 표준어규정이 문제 입니다.  국립국어원에 네가 표준어 문제를 개정해달라고 건의하면 ‘네가’는 표준어로서 아무 문제가 없다는 답변만 돌아옵니다. ‘네가’는 대명사 ‘네’에 보어 ‘가’가 붙은 형태가 ‘네가’이고  일부 사람들이 ‘니가’ 또는 ‘너가’라고 말하지만 그것은 잘못된 표현이고 ‘네가’ 라고 말하는게 맞는 표현이다라는 답변입니다. 그런데 문제는 ‘내가’ 하고 ‘네가’는 발음상 구분이 잘 안되서 실제로 국민들이 아무도 ‘네가’ 라고 말하지 않는다는 것입니다. 국어학자들도 본인 스스로 말할때는 “니가 했지?”  “너가 했지?” 라고 말하면서 글로 쓸때는 “네가 했지?” 라고 쓰는게 부자연스럽고 모순인지 알것입니다. 그러나 수십년간 ‘네가’를 표준어를 써왔고 모든 출판물에 ‘네가’라고 인쇄돼 있는데 하루아침에 ‘네가’ 를 ‘니가’  ‘너가’로 바꾸라고 말하기는 힘들겠지요. 그러나 언어와 문자는 사회적 산물의 결과요  시대에 따라 변하는 살아있는 생물인바 시대적 흐름에 맞게 고쳐써야 하는게 맞을것입니다. 한글 표준어 원칙에도 다수 대중이 사용하는 단어를 표준어로 한다는 규정이 있습니다. 과거 국립국어원은 한동안 ‘짜장면’은 표준어가 아니니 ‘자장면’으로 발음하고 쓰라고 했다가 국민들의 거쎈 반발로 결국 ‘짜장면’도 표준어로 허용한 사례가 있습니다. 마찬가지로 이 ‘네가’ 표준어 문제의 해결책은 간단합니다. 기존 전통적으로 써온 ‘네가’ 를 하루아침에 폐지할 수가 없기에 그냥 ‘너가’  ‘니가’ 를 ‘네가’와 같이 표준어로 인정하면 됩니다. 그러면 자연스럽게 ‘네가’ 단어는 사라지고 ‘니가’  ‘너가’가 표준어로 자리잡을 것입니다. 말과 문자가 서로 틀린 한글 맞춤법 문제가 비록 ‘네가’ 한단어 문제에만 국한된 것은 아니지만 국민들이 문자생활에서 가장 불편을 느끼는 단어가 바로 ‘네가’입니다. 국어학자들이나 관계기관인 국립국어원 담당자님들도 평소에 ‘니가’  ‘너가’라고 말하면서 글로 쓸때는 ‘네가’라고 쓸려면 답답할 것입니다. 이런 답답한 상황을 수십년 동안 방치하는 것을 보는 국민들 심정은 속이 터집니다. 이번에도  한글날을 보내며 공허한 한글세계화만 외치지 마시고 진정으로 국민들이 무엇을 불편하게 여기는지 고민해 보시기를 바랍니다.,답변 : 안녕하십니까?올려 주신 글을 잘 보았습니다. 표준어의 쓰임에 깊은 관심을 가지고 글을  올려 주셔서 고맙습니다. 말씀하신 내용은 건의 사항으로 기록하여 원내에서도 신중하게 검토하여 보겠습니다. 소중한 의견을 주셔서 정말 고맙습니다.,
질문 : 안녕하세요.아래 띄어쓰기 좀 알려주세요.1. 신데렐라 역할할 사람 신데렐라 역할 할 사람2. 설거지할 거야 설거지 할 거야3. 만들어주다 만들어 주다4. 먹어볼래 먹어 볼래5. 전에회계쪽에서 일했어요. 전에회계 쪽에서 일했어요.6. 언제 시작해야 하는지 알려줘. 언제 시작해야 하는 지 알려줘.,답변 : 안녕하십니까?1. ‘역할을 하다’의 구성이고 ‘역할’에 서술성이 없으므로 ‘역할 할’과 같이 띄어 씁니다.2. ‘설거지하다’와 같이 붙여 씁니다.3. ‘주다’가 보조 용언으로 쓰였으므로 ‘만들어 주다’와 같이 띄어 쓰는 것이 원칙이고 붙여 쓰는 것이 허용입니다.4. ‘보다’가 보조 용언으로 쓰인 구성이므로 ‘먹어 볼래’와 같이 띄어 쓰는 것이 원칙이고 붙여 쓰는 것이 허용입니다.5. ‘쪽’은 명사이므로 ‘회계 쪽’과 같이 띄어 씁니다. 6. ‘-는지’는 어미이므로 ‘하는지’와 같이 붙여 씁니다. 고맙습니다.,
질문 : ㅇ1. 나/(나의>)내 (것)/내가----너/(너의>)니 (것)/니가라 하면 (1) 발음이 다름으로써(2) 말뜻도 차이가 있음을(3)누구든 말소리만 듣고도 쉽게 변별 인식할 수가 있습니다.그런데도ㅇ2. 나의 (것)>ㄱ내 (것)/내가이듯이ㅇ3. 너의 (것)>ㄴ네(것)/네가라야 보편성이 있다 보고 ㅇ3의 ㄴ을 이른바 '표준어'라 하고 있습니다. 물론 ㅇ3이 리치에 맞습니다. 그러나 ㄱ과 ㄴ만을 듣고는 (1)(2)(3)이 해결되지 않는다는 데 문제가 있습니다. 따라서 문제해결을 위해서는 발음 현실을 고려하여ㅇ1처럼 표기 발음하도록 바꿀 필요가 있습니다. ================================================================== 질문자 : 윤재준 등록일시 : 2018. 10. 9.  우리말에 상대를 지칭할때 ‘니가’ 와 ‘너가’ 라는 단어를 보통 씁니다. 그런데 ‘니가’  ‘너가’는 표준어가 아니라서 글로 쓰거나 자막으로 쓸때는 ‘네가’ 라는 표준어로 바꿔써야 합니다. 다시말해 TV나 영화에서 배우가 "니가 했지?" 또는 "너가 했지?" 라고 말하면 자막에는 "네가 했지?" 라고 표시가 됩니다. 이런 이상한 자막을 볼때마다 국민들은 뭔가 어색하고 답답한 느낌이 듭니다. ‘네가’ 표준어 문제는 영화자막만의 문제가 아닙니다. 가수가 노래할때 가사를 표준어로 해야하니 “니가 좋아”라고 노래하지 못하고 “네가 좋아”라고 노래하니 노래를 들으면 내가 좋다는 소리인지 너가 좋다는 소리인지 구분이 안됩니다. 소설가가 글을 쓸때 ‘니가’  ‘너가’ 라는 단어를 마음대로 쓰지 못하고 ‘네가’ 라는 단어를 써야하니 문학에서 조차 국민정서의 표현에 왜곡이 발생합니다. 초등학교 글짓기 시간에 아이가 ‘니가’  ‘너가’를 쓰면 선생님은 틀렸다고 ‘네가’로 고처쓰라고 해야합니다. 아이가 왜 말하는대로 쓰면 안되냐고 물어보면 선생님은 맞춤법이 그렇다고 궁색한 설명을 해야합니다. 외국인이 한글을 처음 배울때 말로는 ‘너가’  ‘니가’ 라고 말하고 글로 쓸때는 ‘네가’ 라고 쓰라고 가르치면 도무지 이해하지를 못할것입니다. 한글은 말과 글이 다른 이상한 문자라고 생각할 것입니다. 문제는 여기서 끝나는게 아니고 문자화된 ‘네가’는 또 다른 혼란을 초래합니다. 유치원  초등학교에서 어린이가 교과서에 써진 ‘네가’를 읽을 때 발음을 어떻게 하는지 모르기 때문에 ‘내가’라고 읽는지 ‘네가’라고 읽는지 읽는 본인도 듣는 사람도 알아들을 수가 없습니다. 또 1000만에 가까운 기독교인들이 매주 일요일 교회에서 목사남의 성경 낭독을 들으면서 ‘네가’인지 ‘내가’ 인지 혼란스럽기는 마찬가지입니다. ‘내가’ 와 ‘네가’를 발음할려면  ‘내가’는 보통 혀를 입안에 두고 ［내가］라고 짧게 발음하고  ‘네가’를 발음할때는 혀를 앞으로 내밀고 ［네:가］ 라고 장음으로 발음합니다. 그러나 실제로 발음이 서로 비슷하고 귀로 들어서 구분이 잘 안되기 때문에 실생활에서 아무도 ‘네가’ 라는 말을 하지 않습니다. 다시말해 ‘네가’는 말로서 사용하지 않는 死語(죽은단어) 입니다. 그런데 글로 쓸때는 갑자기 부활해서 언어와 문자가 다른 혼란을 초래합니다. ‘네가’ 표준어 문제는 맞춤법 수정의 문제가 아닙니다. ‘니가’  ‘너가’ 는 ‘네가’ 하고는 발음과 철자가 전혀 틀린 단어입니다. 아무도 말하지 않는 단어를 표준어로 정해놓고 모든 사람이 쓰는 단어는 표준어가 아니니 쓰지 말라고 강요하는 어처구니 없는 표준어규정이 문제 입니다. 국립국어원에 네가 표준어 문제를 개정해달라고 건의하면 ‘네가’는 표준어로서 아무 문제가 없다는 답변만 돌아옵니다. ‘네가’는 대명사 ‘네’에 보어 ‘가’가 붙은 형태가 ‘네가’이고  일부 사람들이 ‘니가’ 또는 ‘너가’라고 말하지만 그것은 잘못된 표현이고 ‘네가’ 라고 말하는게 맞는 표현이다라는 답변입니다. 그런데 문제는 ‘내가’ 하고 ‘네가’는 발음상 구분이 잘 안되서 실제로 국민들이 아무도 ‘네가’ 라고 말하지 않는다는 것입니다. 국어학자들도 본인 스스로 말할때는 “니가 했지?”  “너가 했지?” 라고 말하면서 글로 쓸때는 “네가 했지?” 라고 쓰는게 부자연스럽고 모순인지 알것입니다. 그러나 수십년간 ‘네가’를 표준어를 써왔고 모든 출판물에 ‘네가’라고 인쇄돼 있는데 하루아침에 ‘네가’ 를 ‘니가’  ‘너가’로 바꾸라고 말하기는 힘들겠지요. 그러나 언어와 문자는 사회적 산물의 결과요  시대에 따라 변하는 살아있는 생물인바 시대적 흐름에 맞게 고쳐써야 하는게 맞을것입니다. 한글 표준어 원칙에도 다수 대중이 사용하는 단어를 표준어로 한다는 규정이 있습니다. 과거 국립국어원은 한동안 ‘짜장면’은 표준어가 아니니 ‘자장면’으로 발음하고 쓰라고 했다가 국민들의 거쎈 반발로 결국 ‘짜장면’도 표준어로 허용한 사례가 있습니다. 마찬가지로 이 ‘네가’ 표준어 문제의 해결책은 간단합니다. 기존 전통적으로 써온 ‘네가’ 를 하루아침에 폐지할 수가 없기에 그냥 ‘너가’  ‘니가’ 를 ‘네가’와 같이 표준어로 인정하면 됩니다. 그러면 자연스럽게 ‘네가’ 단어는 사라지고 ‘니가’  ‘너가’가 표준어로 자리잡을 것입니다. 말과 문자가 서로 틀린 한글 맞춤법 문제가 비록 ‘네가’ 한단어 문제에만 국한된 것은 아니지만 국민들이 문자생활에서 가장 불편을 느끼는 단어가 바로 ‘네가’입니다. 국어학자들이나 관계기관인 국립국어원 담당자님들도 평소에 ‘니가’  ‘너가’라고 말하면서 글로 쓸때는 ‘네가’라고 쓸려면 답답할 것입니다. 이런 답답한 상황을 수십년 동안 방치하는 것을 보는 국민들 심정은 속이 터집니다. 이번에도 한글날을 보내며 공허한 한글세계화만 외치지 마시고 진정으로 국민들이 무엇을 불편하게 여기는지 고민해 보시기를 바랍니다.,답변 : 안녕하십니까?의견 잘 보았습니다.,
질문 : 존맛탱과 같이 막무가내로 줄여 쓰고 맞춤법 틀린 건 저도 별로 좋지 못하다고 생각해요.근데 나일리지 법블레스유 이런 말들이 잘 쓰이는 게 우리나라에 없는 말들이 너무 많아요.그래서 외래어를 쓰고 합성하고 그러는 거예요. 경영학 수업을 들어본 적 있으신가요?한국말로 대체가 안돼서 그냥 영어로 수업하는 게 태반이에요. 국어원은 프랑스 사례를 보며 신조어들을 못 쓰게하고 안 좋게 볼 것이 아니라 각성해서 저걸 대체할 단어를 빨리 만들어야 한다고 생각해요.,답변 : 안녕하십니까?지금 우리말에 나타나고 있는 신조어와 관련한 현상에 대한 의견 잘 보았습니다. 언중들이 다양하게 만들어서 표현하고 있는 말에 대해 제약을 하는 일은 조금은 어려운 일인 듯합니다만 주신 의견과 같이 바른 우리말을 쓰는 데에 힘을 써야 함은 분명이 필요한 일입니다. 이곳에서 정책과 관련한 답변을 드리기는 어려우나 말씀하신 바를 새겨 더욱 노력하도록 하겠습니다. 바른 우리말 사용에 관심 가져 주셔서 고맙습니다.,
질문 : 발음이 북엇구기군 인가요 아니면 북엇국시군 인가요?,답변 : 안녕하십니까?‘북엇국이군’은 [부거꾸기군/부걷꾸기군]으로 발음합니다.고맙습니다.,
질문 : 질문이 있습니다...1. 'ㅣ'모음이라고 하면 고대  중세  근대  현대에서 어떤 모음들을 말하는건가요?중세국어 같은 경우에는 부텨 + ㅣ (주격조사)가 성립된다고 배웠는데  그렇다면 'ㅕ'는 모음 ㅣ나 반모음 j가 아니라는건데... ㅕ는 ㅣ+ㅓ로 표현될 수 있지 않나요??2. ㅣ모음과 반모음j 에 대해서 알기 쉽게 알려주시면 감사하겠습니다!,답변 : 안녕하십니까?문의하신 내용 가운데 중세 국어와 관련된 내용은 이곳에 설명드리기는 어려우니 양해해 주시기를 바라며  모음 ‘ㅣ’와 반모음 ‘j’에 대해서만 설명을 드리겠습니다. 반모음은 모음과 같이 발음하지만 음절을 이루지 못하는 아주 짧은 모음입니다. 문의하신 반모음 ‘j’는 ‘ㅣ’와는 차이가 있는데 ‘ㅑ’  ‘ㅒ’  ‘ㅕ’  ‘ㅖ’ 따위의 이중 모음에서 나는 ‘j’ 모음입니다. 고맙습니다.,
질문 : ㅇ 너의 아빠------------유아 말ㅇ 너의 아버지----------소년 말ㅇ 자네 아버지------청소년말ㅇ 자네 어른---------어른[旣婚者] 말 ================================================================== 질문자 : 커피 등록일시 : 2018. 10. 7.  저랑 친구랑 둘이서 친구부모님 이야기할때 너희 아빠 너희 아버지 둘중 뭐가 맞는표현인지 궁금합니다 너희 아빠 라고쓰면 낮춰 부르는 표현인가요? ================================================================== 답변자 : 온라인 가나다 답변일시 : 2018. 10. 9.안녕하십니까?'너희 아빠'와 '너희 아버지'는 맞고 틀리고의 문제가 아니므로 모두 쓸 수 있겠지만 격식을 갖추어야 한다면 '너희 아버지'라고 하는 것이 바람직해 보입니다.,답변 : 안녕하십니까?올려 주신 의견을 잘 보았습니다. 의견을 주셔서 고맙습니다.,
질문 : 멀리는는 멀리(부사)+는(조사) 인가요?,답변 : 안녕하십니까?예를 들어  '멀리는 가지 마라'와 같이 쓰인 '멀리는'은 생각하신 대로 '멀리(부사)+는(보조사)'으로 분석할 수 있습니다.,
질문 : 안녕하세요?"자연적으로"  여기서 "(으)로"의 품사는 무엇인지에 대해서 궁금합니다."(으)로"의 품사는 조사로 볼 수 있다고 생각하는데 혹시나 부사형 어미로 볼 수 있는지 궁금합니다.답해주신다면 감사드리겠습니다.LIU 올림,답변 : 안녕하십니까?'으로'는 조사입니다. '으로'는 체언 뒤에 붙어 그 단위를 문장에서 부사어가 되게 하는 부사격 조사입니다.,
질문 : 아래 답변(2018. 10. 8.)ㄱ'우리'에 대해  '말하는 이가 자기보다 높지 아니한 사람을 상대하여 어떤 대상이 자기와 친밀한 관계임을 나타낼 때 쓰는 말'로 풀이하고 있습니다. 여기서 '친밀한 관계'라는 것은 문화적으로 관습화한 관계를 말하는 것입니다. 예를 들어 ㄴ'우리 여자 친구'로 쓰는 것은 자연스럽지 않으나 '우리 아내'로 쓰는 것은 자연스러운데  이를 보면 유사한 관계라도 관습적으로 '우리'라는 표현을 어울려 써 오지 않았다면 '우리'를 사용하는 데에 어색함이 있습니다. 즉 '우리'와 '내'를 쓰는경계를 딱히 규정할 수 없으며  따라서 그 차이에 대한 이유 역시 명확히 설명하기는 어렵겠습니다.에서 ㄱㄴ을 보면 안타깝습니다. 그 까닭은 다음과 같기 때문입니다.ㅇ1. 내[+개인][-가족][+단독][-(소속)집단]ㅇ2. 우리[-개인][+가족][-단독][+(소속)집단]ㅇ1-1=내 녀자친구/내 아들/내 아내/내 집/내 나라ㅇ2-1=우리 ?*녀자친구/우리 아들/우리 아내/우리 집/우리 나라보는 바와 같이  ㅇ1과 ㅇ1-1  ㅇ2와 ㅇ2-1에 각각 무슨 '친밀한 관계'라는 변별자질이 있습니까. ㅇ1과 ㅇ1-1은 서로 '친밀한 관계'가 아닙니까. ㄱ에서 이르는 '친밀한 관계'란ㅇ3. (ㄱ)이 동네-(ㄴ)우리 동네ㅇ4. (ㄱ)이 가족-(ㄴ)우리 가족등처럼 자신과 전혀 관계가 없는 (ㄱ)이 아니라  자신이 소속된 (ㄴ)이 ㅇ2와 류사한 뜻자질을 지니기에 그런 것입니다. 리해하시겠습니까. ================================================================== 질문자 : 이윤우 등록일시 : 2018. 10. 6.안녕하십니까. '내'와 '우리'의 용법에 대해서 궁금한 게 있어 이렇게 질문 드립니다.1. 우선 저는 '내'라는 말이 '나의'라는 말의 축약형이라고 생각했습니다. 그러나 사전에서 '내'라는 단어를 찾아보면‘나03[Ⅰ]’에 주격 조사 ‘가’나 보격 조사 ‘가’ 가 붙을 때의 형태.라고만 나옵니다. 그렇다면 '내'라는 말은 '나의'의 축약형이 아닌 것입니까?2. '내'가 '나의'의 축약형이 맞다면 '내'라는 말은 '나의'라는 의미와 동일하게 사용할 수 있을 것입니다. 예를 들어 '나의 차'='내 차' / '나의 집'='내 집'과 같은 식으로 말입니다.3. 그렇다면 이때의 '내'와 '우리'의 차이점은 무엇입니까? 예를 들어 친구들에게 여자친구를 소개할 때 '내 여자친구야'라고는 말해도 '우리 여자친구야'라고는 말하지 않는다고 생각합니다. 하지만 '내 아들이야'를 '우리 아들이야'라고 말하는 경우는 많다고 생각합니다. 이처럼 어떤 경우에는 '우리'라는 말을 써도 어색하지 않은 반면에 어떤 경우에는 '우리'라는 말이 어색하게 느껴집니다. 이런 차이가 생기는 이유는 무엇입니까?감사합니다. ================================================================== 답변자 : 온라인 가나다 답변일시 : 2018. 10. 8. 안녕하십니까?1. 표준 국어 대사전에서는 조사 '가'가 결합할 대의 '내'와 '나의'가 줄어든 말인 '내'를 서로 다른 표제항에서 설명하고 있습니다. 표준 국어 대사전 '내14'에서는 '나의'가 줄어든 말로 설명하고 있음을 참고하시기 바랍니다.2. 그렇습니다.3. '내'와 '우리'의 의미 차이에 대해서는 여러 방식으로 설명합니다. 표준 국어 대사전에서는 '우리'에 대해  '말하는 이가 자기보다 높지 아니한 사람을 상대하여 어떤 대상이 자기와 친밀한 관계임을 나타낼 때 쓰는 말'로 풀이하고 있습니다. 여기서 '친밀한 관계'라는 것은 문화적으로 관습화한 관계를 말하는 것입니다. 예를 들어 '우리 여자 친구'로 쓰는 것은 자연스럽지 않으나 '우리 아내'로 쓰는 것은 자연스러운데  이를 보면 유사한 관계라도 관습적으로 '우리'라는 표현을 어울려 써 오지 않았다면 '우리'를 사용하는 데에 어색함이 있습니다. 즉 '우리'와 '내'를 쓰는 경계를 딱히 규정할 수 없으며  따라서 그 차이에 대한 이유 역시 명확히 설명하기는 어렵겠습니다. 고맙습니다.,답변 : 안녕하십니까?의견 잘 보았습니다.,
질문 : 안녕하십니까?한글날인 오늘엔 세종대왕님께 감사 말씀을 드리고 싶어서 질문이 생겼습니다.세종대왕님께 감사한다는 말씀을 드리고 싶습니다.세종대왕님께 감사하다는 말씀을 드리고 싶습니다.어느 문장이 더 자연스럽습니까?,답변 : 안녕하십니까?'감사하다'는 '고맙게 여기다'의 의미인 동사와 '고마운 마음이 있다'의 의미인 형용사로 쓰인다는 점에서  '감사한다는'으로 쓸 수도 있으며 '감사하다는'으로 쓸 수도 있겠습니다. 즉 '감사하다'를 동사로 이해한다면 '감사한다는'으로 쓰며  형용사로 이해한다면 '감사하다는'으로 쓸 수 있습니다.고맙습니다.,
